<?xml version="1.0" encoding="UTF-8"?>
<project name="lpg.generator" default="build.plugin.jar" basedir=".">
	<target name="init">
		<loadfile property="plugin.id" srcfile="META-INF/MANIFEST.MF">
			<filterchain>
				<containsregex pattern="Bundle-SymbolicName:"/>
				<replaceregex pattern="Bundle-SymbolicName: ([^;]*)(;.*)?" replace="\1"/>
				<striplinebreaks/>
			</filterchain>
		</loadfile>
		<!-- <echo message="Plugin ID = ${plugin.id}"/> -->

		<loadfile property="plugin.version" srcfile="META-INF/MANIFEST.MF">
			<filterchain>
				<containsregex pattern="Bundle-Version:"/>
				<replaceregex pattern="Bundle-Version: (.*)" replace="\1"/>
				<striplinebreaks/>
			</filterchain>
		</loadfile>
		<!-- <echo message="Plugin version = ${plugin.version}"/> -->

		<property name="plugin.jar.name" value="${plugin.id}_${plugin.version}.jar"/>
		<property name="build.result.folder" value="${basedir}/../lpg.update/plugins"/>
	</target>

    <target name="javaInit" description="Initializes compiler settings from bundle meta-data">
        <loadfile property="javacSource" srcfile=".settings/org.eclipse.jdt.core.prefs">
            <filterchain>
                <containsregex pattern="org.eclipse.jdt.core.compiler.source"/>
                <replaceregex pattern="org.eclipse.jdt.core.compiler.source=(.*)" replace="\1"/>
                <striplinebreaks/>
            </filterchain>
        </loadfile>
        <echo message="Java source compatibility = ${javacSource}"/>

        <loadfile property="javacTarget" srcfile=".settings/org.eclipse.jdt.core.prefs">
            <filterchain>
                <containsregex pattern="org.eclipse.jdt.core.compiler.codegen.targetPlatform"/>
                <replaceregex pattern="org.eclipse.jdt.core.compiler.codegen.targetPlatform=(.*)" replace="\1"/>
                <striplinebreaks/>
            </filterchain>
        </loadfile>
        <echo message="Java target compatibility = ${javacTarget}"/>

        <property name="compilerArg" value=""/>
    </target>

	<target name="build.plugin.jar" depends="init">
		<echo message="basedir = ${basedir}"/>
		<property name="temp.folder" value="temp"/>
		<mkdir dir="${temp.folder}"/>
		<mkdir dir="${build.result.folder}"/>

        <delete dir="${temp.folder}/bin"/>
        <mkdir dir="${temp.folder}/bin"/>

        <!-- Copy necessary resources -->
		<jar destfile="${build.result.folder}/${plugin.jar.name}" basedir="${basedir}"
			 manifest="META-INF/MANIFEST.MF"
			includes="include/**/*,templates/**/*"/>
	</target>
</project>
